name,year,selling_price,km_driven,fuel,transmission,owner,mileage,engine,max_power,seats
16,2019,21.0,8.517393171418904,1,0,0,16.0,1368.0,160.77,5.0
3,2016,25.0,10.308985993422082,1,0,2,15.71,1998.0,189.0,5.0
2,2018,39.75,10.367253014814716,0,0,0,17.01,1968.0,188.0,5.0
20,2019,51.5,9.90353755128617,1,0,0,22.37,2487.0,214.56,5.0
15,2017,32.0,10.714439990727769,0,0,0,19.33,1999.0,177.0,5.0
16,2017,41.0,9.741027444837728,1,0,0,9.5,3604.0,280.0,5.0
19,2019,45.0,9.952325334619427,0,0,0,12.83,1999.0,148.31,7.0
24,2017,60.0,10.518700218288165,0,0,0,13.5,2987.0,254.79,5.0
3,2018,37.9,10.292179440058462,0,0,0,22.48,1995.0,187.74,5.0
3,2017,21.5,10.203629181337648,0,0,0,19.108188313345238,1491.3252850863223,97.99110021023124,5.0
3,2019,58.0,8.922791623969637,0,0,0,16.78,1995.0,190.0,5.0
24,2016,27.0,10.463131911491967,0,0,0,15.0,2143.0,204.0,5.0
36,2018,34.0,9.99884318585288,0,0,0,18.0,1969.0,190.0,5.0
2,2015,26.5,10.87806606028079,0,0,0,12.07,2967.0,241.4,7.0
24,2017,58.5,10.757924157061597,0,0,0,13.5,2987.0,282.0,5.0
15,2017,26.25,9.105090961257085,0,0,0,13.6,1999.0,177.0,5.0
24,2018,25.5,9.798182590890704,1,0,0,15.04,1991.0,183.0,5.0
24,2017,27.0,9.680406499268875,1,0,0,14.74,1991.0,181.04,5.0
3,2016,21.5,10.308985993422082,0,0,0,22.69,1995.0,190.0,5.0
3,2016,29.0,9.392745258631441,0,0,0,18.12,1995.0,190.0,5.0
36,2017,100.0,10.308985993422082,1,0,0,42.0,1969.0,400.0,4.0
24,2018,46.0,8.984317679911129,0,0,0,17.9,2143.0,170.0,5.0
34,2018,30.0,10.463131911491967,0,1,0,14.24,2755.0,174.5,7.0
15,2017,26.25,9.105090961257085,0,0,0,13.6,1999.0,177.0,5.0
20,2019,51.5,9.90353755128617,1,0,0,22.37,2487.0,214.56,5.0
15,2017,32.0,10.714439990727769,0,0,0,19.33,1999.0,177.0,5.0
36,2019,38.0,9.90353755128617,0,0,0,18.0,1969.0,190.0,5.0
3,2019,54.0,8.922791623969637,0,0,0,16.78,1995.0,190.0,5.0
3,2019,55.0,9.04793908261736,0,0,0,16.78,1995.0,190.0,5.0
36,2018,24.75,7.601402334583733,0,0,0,16.8,1984.0,150.0,5.0
15,2017,26.25,9.105090961257085,0,0,0,13.6,1999.0,177.0,5.0
20,2019,51.5,9.90353755128617,1,0,0,22.37,2487.0,214.56,5.0
15,2017,32.0,10.714439990727769,0,0,0,19.33,1999.0,177.0,5.0
36,2019,38.0,9.90353755128617,0,0,0,18.0,1969.0,190.0,5.0
3,2019,54.0,8.922791623969637,0,0,0,16.78,1995.0,190.0,5.0
3,2019,55.0,9.04793908261736,0,0,0,16.78,1995.0,190.0,5.0
36,2018,24.75,7.601402334583733,0,0,0,16.8,1984.0,150.0,5.0
15,2017,26.25,9.105090961257085,0,0,0,13.6,1999.0,177.0,5.0
20,2019,51.5,9.90353755128617,1,0,0,22.37,2487.0,214.56,5.0
15,2017,32.0,10.714439990727769,0,0,0,19.33,1999.0,177.0,5.0
36,2019,38.0,9.90353755128617,0,0,0,18.0,1969.0,190.0,5.0
3,2019,54.0,8.922791623969637,0,0,0,16.78,1995.0,190.0,5.0
3,2019,55.0,9.04793908261736,0,0,0,16.78,1995.0,190.0,5.0
36,2018,24.75,7.601402334583733,0,0,0,16.8,1984.0,150.0,5.0
24,2016,30.0,10.596659732783579,0,0,0,13.0,2143.0,204.0,5.0
3,2013,37.5,10.933124826700707,0,0,0,11.2,2993.0,241.0,4.0
24,2016,29.0,10.34177474101152,0,0,0,13.0,2143.0,204.0,5.0
24,2017,27.0,10.043292972227004,0,0,0,17.9,2143.0,136.0,5.0
3,2018,60.0,10.24555127050591,0,0,0,17.09,2993.0,261.4,4.0
34,2018,29.4,11.51293546492023,0,0,0,12.9,2755.0,174.5,7.0
15,2017,26.25,9.105090961257085,0,0,0,13.6,1999.0,177.0,5.0
20,2019,51.5,9.90353755128617,1,0,0,22.37,2487.0,214.56,5.0
15,2017,32.0,10.714439990727769,0,0,0,19.33,1999.0,177.0,5.0
36,2019,38.0,9.90353755128617,0,0,0,18.0,1969.0,190.0,5.0
3,2019,54.0,8.922791623969637,0,0,0,16.78,1995.0,190.0,5.0
3,2019,55.0,9.04793908261736,0,0,0,16.78,1995.0,190.0,5.0
36,2018,24.75,7.601402334583733,0,0,0,16.8,1984.0,150.0,5.0
15,2017,26.25,9.105090961257085,0,0,0,13.6,1999.0,177.0,5.0
20,2019,51.5,9.90353755128617,1,0,0,22.37,2487.0,214.56,5.0
15,2017,32.0,10.714439990727769,0,0,0,19.33,1999.0,177.0,5.0
36,2019,38.0,9.90353755128617,0,0,0,18.0,1969.0,190.0,5.0
3,2019,54.0,8.922791623969637,0,0,0,16.78,1995.0,190.0,5.0
3,2019,55.0,9.04793908261736,0,0,0,16.78,1995.0,190.0,5.0
36,2018,24.75,7.601402334583733,0,0,0,16.8,1984.0,150.0,5.0
15,2017,26.25,9.105090961257085,0,0,0,13.6,1999.0,177.0,5.0
20,2019,51.5,9.90353755128617,1,0,0,22.37,2487.0,214.56,5.0
15,2017,32.0,10.714439990727769,0,0,0,19.33,1999.0,177.0,5.0
36,2019,38.0,9.90353755128617,0,0,0,18.0,1969.0,190.0,5.0
3,2019,54.0,8.922791623969637,0,0,0,16.78,1995.0,190.0,5.0
3,2019,55.0,9.04793908261736,0,0,0,16.78,1995.0,190.0,5.0
36,2018,24.75,7.601402334583733,0,0,0,16.8,1984.0,150.0,5.0
15,2017,26.25,9.105090961257085,0,0,0,13.6,1999.0,177.0,5.0
20,2019,51.5,9.90353755128617,1,0,0,22.37,2487.0,214.56,5.0
15,2017,32.0,10.714439990727769,0,0,0,19.33,1999.0,177.0,5.0
36,2019,38.0,9.90353755128617,0,0,0,18.0,1969.0,190.0,5.0
3,2019,54.0,8.922791623969637,0,0,0,16.78,1995.0,190.0,5.0
3,2019,55.0,9.04793908261736,0,0,0,16.78,1995.0,190.0,5.0
36,2018,24.75,7.601402334583733,0,0,0,16.8,1984.0,150.0,5.0
10,2018,32.5,9.392745258631441,0,0,0,10.91,3198.0,197.0,7.0
34,2018,29.0,10.799595985047786,0,0,0,12.9,2755.0,174.5,7.0
2,2018,39.75,10.367253014814716,0,0,0,17.01,1968.0,188.0,5.0
20,2019,51.5,9.90353755128617,1,0,0,22.37,2487.0,214.56,5.0
15,2017,32.0,10.714439990727769,0,0,0,19.33,1999.0,177.0,5.0
16,2017,41.0,9.741027444837728,1,0,0,9.5,3604.0,280.0,5.0
15,2017,26.25,9.105090961257085,0,0,0,13.6,1999.0,177.0,5.0
20,2019,51.5,9.90353755128617,1,0,0,22.37,2487.0,214.56,5.0
15,2017,32.0,10.714439990727769,0,0,0,19.33,1999.0,177.0,5.0
36,2019,38.0,9.90353755128617,0,0,0,18.0,1969.0,190.0,5.0
3,2019,54.0,8.922791623969637,0,0,0,16.78,1995.0,190.0,5.0
3,2019,55.0,9.04793908261736,0,0,0,16.78,1995.0,190.0,5.0
36,2018,24.75,7.601402334583733,0,0,0,16.8,1984.0,150.0,5.0
34,2017,29.5,10.819798284210286,0,0,0,15.04,2755.0,174.5,7.0
34,2018,32.0,10.819798284210286,0,1,0,14.24,2755.0,174.5,7.0
36,2019,38.0,9.90353755128617,0,0,0,18.0,1969.0,190.0,5.0
10,2018,32.5,9.392745258631441,0,0,0,10.91,3198.0,197.0,7.0
34,2018,32.0,11.002116507732017,0,0,0,15.04,2755.0,174.5,7.0
2,2018,39.75,10.367253014814716,0,0,0,17.01,1968.0,188.0,5.0
20,2019,51.5,9.90353755128617,1,0,0,22.37,2487.0,214.56,5.0
15,2017,32.0,10.714439990727769,0,0,0,19.33,1999.0,177.0,5.0
16,2017,41.0,9.741027444837728,1,0,0,9.5,3604.0,280.0,5.0
3,2019,54.0,8.922791623969637,0,0,0,16.78,1995.0,190.0,5.0
3,2019,55.0,9.04793908261736,0,0,0,16.78,1995.0,190.0,5.0
10,2016,22.8,11.695255355062795,0,0,2,10.91,3198.0,197.0,7.0
15,2013,24.5,11.002116507732017,0,0,0,16.36,2179.0,187.7,5.0
2,2017,28.25,9.99884318585288,0,0,0,15.73,1968.0,174.33,5.0
11,2020,21.25,8.612685172875459,0,1,0,26.8,1597.0,118.0,5.0
3,2018,33.5,9.798182590890704,0,0,0,19.62,1998.0,190.0,5.0
24,2018,29.5,10.736418414365376,0,1,0,15.8,2148.0,170.0,5.0
3,2017,32.0,9.522519916028351,0,0,0,22.69,1995.0,190.0,5.0
32,2019,26.0,9.305741456739435,0,0,0,19.3,1968.0,141.0,5.0
2,2017,26.0,11.156264806643742,0,0,0,20.38,1968.0,143.0,5.0
2,2014,30.0,11.082157933374816,0,0,0,12.07,2967.0,241.4,7.0
15,2017,26.25,9.105090961257085,0,0,0,13.6,1999.0,177.0,5.0
20,2019,51.5,9.90353755128617,1,0,0,22.37,2487.0,214.56,5.0
15,2017,32.0,10.714439990727769,0,0,0,19.33,1999.0,177.0,5.0
36,2019,38.0,9.90353755128617,0,0,0,18.0,1969.0,190.0,5.0
3,2019,54.0,8.922791623969637,0,0,0,16.78,1995.0,190.0,5.0
3,2019,55.0,9.04793908261736,0,0,0,16.78,1995.0,190.0,5.0
36,2018,24.75,7.601402334583733,0,0,0,16.8,1984.0,150.0,5.0
15,2017,26.25,9.105090961257085,0,0,0,13.6,1999.0,177.0,5.0
20,2019,51.5,9.90353755128617,1,0,0,22.37,2487.0,214.56,5.0
15,2017,32.0,10.714439990727769,0,0,0,19.33,1999.0,177.0,5.0
36,2019,38.0,9.90353755128617,0,0,0,18.0,1969.0,190.0,5.0
3,2019,54.0,8.922791623969637,0,0,0,16.78,1995.0,190.0,5.0
3,2019,55.0,9.04793908261736,0,0,0,16.78,1995.0,190.0,5.0
36,2018,24.75,7.601402334583733,0,0,0,16.8,1984.0,150.0,5.0
24,2017,21.99,9.210440366976517,0,0,2,17.9,2143.0,136.0,5.0
24,2013,36.0,10.819798284210286,0,0,0,11.74,2987.0,254.8,5.0
3,2018,28.5,10.203629181337648,0,0,0,17.05,1995.0,184.0,5.0
2,2018,28.0,10.165890277802454,0,0,0,15.73,1968.0,174.33,5.0
3,2018,39.0,9.746892220313054,0,0,0,22.48,1995.0,187.74,5.0
34,2018,29.0,10.736418414365376,0,1,0,14.24,2755.0,174.5,7.0
3,2020,72.0,8.517393171418904,0,0,0,13.38,2993.0,265.0,7.0
15,2017,26.25,9.105090961257085,0,0,0,13.6,1999.0,177.0,5.0
20,2019,51.5,9.90353755128617,1,0,0,22.37,2487.0,214.56,5.0
15,2017,32.0,10.714439990727769,0,0,0,19.33,1999.0,177.0,5.0
36,2019,38.0,9.90353755128617,0,0,0,18.0,1969.0,190.0,5.0
3,2019,54.0,8.922791623969637,0,0,0,16.78,1995.0,190.0,5.0
3,2019,55.0,9.04793908261736,0,0,0,16.78,1995.0,190.0,5.0
36,2018,24.75,7.601402334583733,0,0,0,16.8,1984.0,150.0,5.0
10,2016,21.0,11.289794413577894,0,0,0,10.91,3198.0,197.0,7.0
2,2018,39.75,10.367253014814716,0,0,0,17.01,1968.0,188.0,5.0
20,2019,51.5,9.90353755128617,1,0,0,22.37,2487.0,214.56,5.0
15,2017,32.0,10.714439990727769,0,0,0,19.33,1999.0,177.0,5.0
16,2017,41.0,9.741027444837728,1,0,0,9.5,3604.0,280.0,5.0
19,2019,45.0,9.952325334619427,0,0,0,12.83,1999.0,148.31,7.0
3,2018,37.9,10.292179440058462,0,0,0,22.48,1995.0,187.74,5.0
24,2016,40.9,11.156264806643742,0,0,0,12.0,2987.0,224.0,7.0
36,2018,34.0,9.99884318585288,0,0,0,18.0,1969.0,190.0,5.0
3,2017,26.0,10.691967639914864,0,0,0,22.69,1995.0,190.0,5.0
15,2017,27.11,9.105090961257085,0,0,0,13.6,1999.0,177.0,5.0
20,2019,51.5,9.90353755128617,1,0,0,22.37,2487.0,214.56,5.0
15,2017,32.0,10.714439990727769,0,0,0,19.33,1999.0,177.0,5.0
36,2019,38.0,9.90353755128617,0,0,0,18.0,1969.0,190.0,5.0
3,2019,54.0,8.922791623969637,0,0,0,16.78,1995.0,190.0,5.0
3,2019,55.0,9.04793908261736,0,0,0,16.78,1995.0,190.0,5.0
36,2018,24.75,7.601402334583733,0,0,0,16.8,1984.0,150.0,5.0
35,2011,21.5,10.819798284210286,0,1,2,19.108188313345238,1491.3252850863223,97.99110021023124,5.0
15,2017,27.11,9.105090961257085,0,0,0,13.6,1999.0,177.0,5.0
20,2019,51.5,9.90353755128617,1,0,0,22.37,2487.0,214.56,5.0
15,2017,32.0,10.714439990727769,0,0,0,19.33,1999.0,177.0,5.0
36,2019,38.0,9.90353755128617,0,0,0,18.0,1969.0,190.0,5.0
3,2019,54.0,8.922791623969637,0,0,0,16.78,1995.0,190.0,5.0
3,2019,55.0,9.04793908261736,0,0,0,16.78,1995.0,190.0,5.0
36,2018,24.75,7.601402334583733,0,0,0,16.8,1984.0,150.0,5.0
15,2017,27.11,9.105090961257085,0,0,0,13.6,1999.0,177.0,5.0
20,2019,51.5,9.90353755128617,1,0,0,22.37,2487.0,214.56,5.0
15,2017,32.0,10.714439990727769,0,0,0,19.33,1999.0,177.0,5.0
36,2019,38.0,9.90353755128617,0,0,0,18.0,1969.0,190.0,5.0
3,2019,54.0,8.922791623969637,0,0,0,16.78,1995.0,190.0,5.0
3,2019,55.0,9.04793908261736,0,0,0,16.78,1995.0,190.0,5.0
36,2018,24.75,7.601402334583733,0,0,0,16.8,1984.0,150.0,5.0
34,2016,21.0,10.596659732783579,1,0,0,10.75,2694.0,163.7,7.0
3,2013,37.5,10.933124826700707,0,0,0,11.2,2993.0,241.0,4.0
24,2016,29.0,10.34177474101152,0,0,0,13.0,2143.0,204.0,5.0
24,2017,27.0,10.043292972227004,0,0,0,17.9,2143.0,136.0,5.0
3,2018,60.0,10.24555127050591,0,0,0,17.09,2993.0,261.4,4.0
14,2019,27.0,9.210440366976517,0,0,0,13.8,2999.0,174.57,7.0
15,2017,27.11,9.105090961257085,0,0,0,13.6,1999.0,177.0,5.0
20,2019,51.5,9.90353755128617,1,0,0,22.37,2487.0,214.56,5.0
15,2017,32.0,10.714439990727769,0,0,0,19.33,1999.0,177.0,5.0
36,2019,38.0,9.90353755128617,0,0,0,18.0,1969.0,190.0,5.0
3,2019,54.0,8.922791623969637,0,0,0,16.78,1995.0,190.0,5.0
3,2019,55.0,9.04793908261736,0,0,0,16.78,1995.0,190.0,5.0
36,2018,24.75,7.601402334583733,0,0,0,16.8,1984.0,150.0,5.0
15,2017,27.11,9.105090961257085,0,0,0,13.6,1999.0,177.0,5.0
20,2019,51.5,9.90353755128617,1,0,0,22.37,2487.0,214.56,5.0
15,2017,32.0,10.714439990727769,0,0,0,19.33,1999.0,177.0,5.0
36,2019,38.0,9.90353755128617,0,0,0,18.0,1969.0,190.0,5.0
3,2019,54.0,8.922791623969637,0,0,0,16.78,1995.0,190.0,5.0
3,2019,55.0,9.04793908261736,0,0,0,16.78,1995.0,190.0,5.0
36,2018,24.75,7.601402334583733,0,0,0,16.8,1984.0,150.0,5.0
15,2017,27.11,9.105090961257085,0,0,0,13.6,1999.0,177.0,5.0
20,2019,51.5,9.90353755128617,1,0,0,22.37,2487.0,214.56,5.0
15,2017,32.0,10.714439990727769,0,0,0,19.33,1999.0,177.0,5.0
36,2019,38.0,9.90353755128617,0,0,0,18.0,1969.0,190.0,5.0
3,2019,54.0,8.922791623969637,0,0,0,16.78,1995.0,190.0,5.0
3,2019,55.0,9.04793908261736,0,0,0,16.78,1995.0,190.0,5.0
36,2018,24.75,7.601402334583733,0,0,0,16.8,1984.0,150.0,5.0
15,2017,27.11,9.105090961257085,0,0,0,13.6,1999.0,177.0,5.0
20,2019,51.5,9.90353755128617,1,0,0,22.37,2487.0,214.56,5.0
15,2017,32.0,10.714439990727769,0,0,0,19.33,1999.0,177.0,5.0
36,2019,38.0,9.90353755128617,0,0,0,18.0,1969.0,190.0,5.0
3,2019,54.0,8.922791623969637,0,0,0,16.78,1995.0,190.0,5.0
3,2019,55.0,9.04793908261736,0,0,0,16.78,1995.0,190.0,5.0
36,2018,24.75,7.601402334583733,0,0,0,16.8,1984.0,150.0,5.0
15,2013,24.5,11.002116507732017,0,0,0,16.36,2179.0,187.7,5.0
34,2016,31.0,11.407576060361786,0,0,0,15.04,2755.0,174.5,7.0
24,2015,26.0,11.51293546492023,0,0,2,15.26,2143.0,203.2,5.0
14,2019,27.0,9.210440366976517,0,0,0,13.8,2999.0,174.57,7.0
15,2017,27.11,9.105090961257085,0,0,0,13.6,1999.0,177.0,5.0
20,2019,51.5,9.90353755128617,1,0,0,22.37,2487.0,214.56,5.0
15,2017,32.0,10.714439990727769,0,0,0,19.33,1999.0,177.0,5.0
36,2019,38.0,9.90353755128617,0,0,0,18.0,1969.0,190.0,5.0
3,2019,54.0,8.922791623969637,0,0,0,16.78,1995.0,190.0,5.0
3,2019,55.0,9.04793908261736,0,0,0,16.78,1995.0,190.0,5.0
36,2018,24.75,7.601402334583733,0,0,0,16.8,1984.0,150.0,5.0
3,2017,29.5,10.571342565808699,0,0,0,19.59,1995.0,187.74,5.0
3,2019,52.0,9.210440366976517,0,0,0,18.12,1995.0,190.0,5.0
2,2016,23.75,10.308985993422082,0,0,0,15.73,1968.0,174.33,5.0
16,2019,21.5,10.12667110305036,0,1,0,16.3,1956.0,170.63,5.0
34,2017,27.5,11.002116507732017,0,0,2,12.55,2982.0,168.5,7.0
2,2018,29.0,9.61587214452889,0,0,0,18.25,1968.0,187.74,5.0
3,2017,26.0,10.691967639914864,0,0,0,22.69,1995.0,190.0,5.0
3,2018,55.0,9.99884318585288,0,0,0,17.09,2993.0,261.4,4.0
3,2016,29.5,11.002116507732017,0,0,0,21.76,1995.0,188.0,5.0
3,2018,60.0,10.203629181337648,0,0,0,17.09,2993.0,261.4,4.0
2,2015,27.0,11.561725152903833,0,0,2,13.22,2967.0,241.4,5.0
15,2017,27.11,9.105090961257085,0,0,0,13.6,1999.0,177.0,5.0
15,2015,25.0,9.510519035757246,0,0,0,14.74,2993.0,270.9,5.0
24,2018,25.5,9.798182590890704,1,0,0,15.04,1991.0,183.0,5.0
24,2017,27.0,9.680406499268875,1,0,0,14.74,1991.0,181.04,5.0
3,2016,21.5,10.308985993422082,0,0,0,22.69,1995.0,190.0,5.0
15,2017,27.11,9.105090961257085,0,0,0,13.6,1999.0,177.0,5.0
20,2019,51.5,9.90353755128617,1,0,0,22.37,2487.0,214.56,5.0
15,2017,32.0,10.714439990727769,0,0,0,19.33,1999.0,177.0,5.0
36,2019,38.0,9.90353755128617,0,0,0,18.0,1969.0,190.0,5.0
3,2019,54.0,8.922791623969637,0,0,0,16.78,1995.0,190.0,5.0
3,2019,55.0,9.04793908261736,0,0,0,16.78,1995.0,190.0,5.0
36,2018,24.75,7.601402334583733,0,0,0,16.8,1984.0,150.0,5.0
36,2014,25.0,10.308985993422082,0,0,0,9.0,1984.0,181.0,5.0
15,2017,27.11,9.105090961257085,0,0,0,13.6,1999.0,177.0,5.0
20,2019,51.5,9.90353755128617,1,0,0,22.37,2487.0,214.56,5.0
15,2017,32.0,10.714439990727769,0,0,0,19.33,1999.0,177.0,5.0
36,2019,38.0,9.90353755128617,0,0,0,18.0,1969.0,190.0,5.0
3,2019,54.0,8.922791623969637,0,0,0,16.78,1995.0,190.0,5.0
3,2019,55.0,9.04793908261736,0,0,0,16.78,1995.0,190.0,5.0
36,2018,24.75,7.601402334583733,0,0,0,16.8,1984.0,150.0,5.0
3,2016,25.0,10.308985993422082,1,0,2,15.71,1998.0,189.0,5.0
3,2016,32.0,10.596659732783579,0,0,0,18.12,1995.0,190.0,5.0
2,2018,39.75,10.367253014814716,0,0,0,17.01,1968.0,188.0,5.0
20,2019,51.5,9.90353755128617,1,0,0,22.37,2487.0,214.56,5.0
15,2017,32.0,10.714439990727769,0,0,0,19.33,1999.0,177.0,5.0
16,2017,41.0,9.741027444837728,1,0,0,9.5,3604.0,280.0,5.0
3,2019,54.0,8.922791623969637,0,0,0,16.78,1995.0,190.0,5.0
3,2019,55.0,9.04793908261736,0,0,0,16.78,1995.0,190.0,5.0
36,2018,24.75,7.601402334583733,0,0,0,16.8,1984.0,150.0,5.0
24,2019,52.0,9.741027444837728,1,0,0,15.0,1991.0,194.4,5.0
19,2019,45.0,9.952325334619427,0,0,0,12.83,1999.0,148.31,7.0
24,2017,60.0,10.518700218288165,0,0,0,13.5,2987.0,254.79,5.0
3,2018,40.0,9.210440366976517,0,0,0,22.48,1995.0,187.74,5.0
32,2018,32.51,9.775767810933758,0,0,0,16.25,1968.0,148.0,7.0
15,2017,27.11,9.105090961257085,0,0,0,13.6,1999.0,177.0,5.0
20,2019,51.5,9.90353755128617,1,0,0,22.37,2487.0,214.56,5.0
15,2017,32.0,10.714439990727769,0,0,0,19.33,1999.0,177.0,5.0
36,2019,38.0,9.90353755128617,0,0,0,18.0,1969.0,190.0,5.0
3,2019,54.0,8.922791623969637,0,0,0,16.78,1995.0,190.0,5.0
3,2019,55.0,9.04793908261736,0,0,0,16.78,1995.0,190.0,5.0
36,2018,24.75,7.601402334583733,0,0,0,16.8,1984.0,150.0,5.0
34,2018,32.0,10.819798284210286,0,1,0,14.24,2755.0,174.5,7.0
15,2016,35.0,10.463131911491967,0,0,0,14.74,2993.0,270.9,5.0
34,2017,31.0,11.156264806643742,0,0,0,15.04,2755.0,174.5,7.0
24,2017,21.0,10.778977123006351,0,0,2,17.9,2143.0,136.0,5.0
15,2017,27.11,9.105090961257085,0,0,0,13.6,1999.0,177.0,5.0
20,2019,51.5,9.90353755128617,1,0,0,22.37,2487.0,214.56,5.0
15,2017,32.0,10.714439990727769,0,0,0,19.33,1999.0,177.0,5.0
36,2019,38.0,9.90353755128617,0,0,0,18.0,1969.0,190.0,5.0
3,2019,54.0,8.922791623969637,0,0,0,16.78,1995.0,190.0,5.0
3,2019,55.0,9.04793908261736,0,0,0,16.78,1995.0,190.0,5.0
36,2018,24.75,7.601402334583733,0,0,0,16.8,1984.0,150.0,5.0
36,2019,38.0,9.90353755128617,0,0,0,18.0,1969.0,190.0,5.0
34,2018,32.0,11.002116507732017,0,0,0,15.04,2755.0,174.5,7.0
34,2014,35.0,11.002116507732017,0,0,0,11.0,2982.0,170.3,7.0
3,2018,58.3,10.308985993422082,0,0,0,17.09,2993.0,261.4,4.0
10,2016,24.0,10.308985993422082,0,0,0,12.62,2198.0,158.0,7.0
15,2015,30.0,11.156264806643742,0,0,2,16.36,2179.0,187.7,5.0
10,2018,32.0,10.463131911491967,0,0,0,10.91,3198.0,197.0,7.0
15,2017,27.11,9.105090961257085,0,0,0,13.6,1999.0,177.0,5.0
20,2019,51.5,9.90353755128617,1,0,0,22.37,2487.0,214.56,5.0
15,2017,32.0,10.714439990727769,0,0,0,19.33,1999.0,177.0,5.0
36,2019,38.0,9.90353755128617,0,0,0,18.0,1969.0,190.0,5.0
3,2019,54.0,8.922791623969637,0,0,0,16.78,1995.0,190.0,5.0
3,2019,55.0,9.04793908261736,0,0,0,16.78,1995.0,190.0,5.0
36,2018,24.75,7.601402334583733,0,0,0,16.8,1984.0,150.0,5.0
15,2017,27.11,9.105090961257085,0,0,0,13.6,1999.0,177.0,5.0
20,2019,51.5,9.90353755128617,1,0,0,22.37,2487.0,214.56,5.0
15,2017,32.0,10.714439990727769,0,0,0,19.33,1999.0,177.0,5.0
36,2019,38.0,9.90353755128617,0,0,0,18.0,1969.0,190.0,5.0
3,2019,54.0,8.922791623969637,0,0,0,16.78,1995.0,190.0,5.0
3,2019,55.0,9.04793908261736,0,0,0,16.78,1995.0,190.0,5.0
36,2018,24.75,7.601402334583733,0,0,0,16.8,1984.0,150.0,5.0
34,2020,23.0,6.90875477931522,0,0,0,13.68,2393.0,147.51,7.0
2,2018,22.0,10.12667110305036,0,0,2,15.17,1968.0,181.0,5.0
15,2017,27.11,9.105090961257085,0,0,0,13.6,1999.0,177.0,5.0
20,2019,51.5,9.90353755128617,1,0,0,22.37,2487.0,214.56,5.0
15,2017,32.0,10.714439990727769,0,0,0,19.33,1999.0,177.0,5.0
36,2019,38.0,9.90353755128617,0,0,0,18.0,1969.0,190.0,5.0
3,2019,54.0,8.922791623969637,0,0,0,16.78,1995.0,190.0,5.0
3,2019,55.0,9.04793908261736,0,0,0,16.78,1995.0,190.0,5.0
36,2018,24.75,7.601402334583733,0,0,0,16.8,1984.0,150.0,5.0
15,2017,27.11,9.105090961257085,0,0,0,13.6,1999.0,177.0,5.0
20,2019,51.5,9.90353755128617,1,0,0,22.37,2487.0,214.56,5.0
15,2017,32.0,10.714439990727769,0,0,0,19.33,1999.0,177.0,5.0
36,2019,38.0,9.90353755128617,0,0,0,18.0,1969.0,190.0,5.0
3,2019,54.0,8.922791623969637,0,0,0,16.78,1995.0,190.0,5.0
3,2019,55.0,9.04793908261736,0,0,0,16.78,1995.0,190.0,5.0
36,2018,24.75,7.601402334583733,0,0,0,16.8,1984.0,150.0,5.0
2,2018,30.0,9.90353755128617,0,0,0,20.38,1968.0,143.0,5.0
2,2017,28.25,9.99884318585288,0,0,0,15.73,1968.0,174.33,5.0
11,2020,21.25,8.612685172875459,0,1,0,26.8,1597.0,118.0,5.0
3,2018,33.5,9.798182590890704,0,0,0,19.62,1998.0,190.0,5.0
24,2017,33.0,11.002116507732017,0,0,0,19.108188313345238,1950.0,194.0,5.0
24,2018,46.0,8.699681400989514,0,0,0,17.9,2143.0,170.0,5.0
3,2019,58.0,9.952325334619427,0,0,0,16.78,1995.0,190.0,5.0
2,2016,24.5,10.308985993422082,0,0,0,18.25,1968.0,187.74,5.0
24,2014,32.5,10.404293143019792,0,0,0,11.3,2987.0,254.8,7.0
2,2014,22.0,11.002116507732017,0,0,0,17.68,1968.0,174.33,5.0
36,2018,55.0,10.819798284210286,0,0,0,11.2,1969.0,235.0,5.0
34,2017,21.75,10.819798284210286,0,0,0,11.36,2755.0,171.5,7.0
3,2018,58.3,10.308985993422082,0,0,0,17.09,2993.0,261.4,4.0
34,2020,32.0,8.006700845440367,0,0,0,15.04,2755.0,174.5,7.0
2,2018,39.75,10.367253014814716,0,0,0,17.01,1968.0,188.0,5.0
20,2019,51.5,9.90353755128617,1,0,0,22.37,2487.0,214.56,5.0
15,2017,32.0,10.714439990727769,0,0,0,19.33,1999.0,177.0,5.0
16,2017,41.0,9.741027444837728,1,0,0,9.5,3604.0,280.0,5.0
3,2018,40.0,9.210440366976517,0,0,0,22.48,1995.0,187.74,5.0
24,2019,52.0,9.741027444837728,1,0,0,15.0,1991.0,194.4,5.0
19,2019,45.0,9.952325334619427,0,0,0,12.83,1999.0,148.31,7.0
24,2017,60.0,10.518700218288165,0,0,0,13.5,2987.0,254.79,5.0
16,2019,21.0,8.517393171418904,1,0,0,16.0,1368.0,160.77,5.0
3,2017,29.5,10.571342565808699,0,0,0,19.59,1995.0,187.74,5.0
3,2019,52.0,9.210440366976517,0,0,0,18.12,1995.0,190.0,5.0
24,2014,25.75,11.156264806643742,0,0,0,11.74,2987.0,254.8,5.0
15,2017,27.11,9.105090961257085,0,0,0,13.6,1999.0,177.0,5.0
20,2019,51.5,9.90353755128617,1,0,0,22.37,2487.0,214.56,5.0
15,2017,32.0,10.714439990727769,0,0,0,19.33,1999.0,177.0,5.0
36,2019,38.0,9.90353755128617,0,0,0,18.0,1969.0,190.0,5.0
3,2019,54.0,8.922791623969637,0,0,0,16.78,1995.0,190.0,5.0
3,2019,55.0,9.04793908261736,0,0,0,16.78,1995.0,190.0,5.0
36,2018,24.75,7.601402334583733,0,0,0,16.8,1984.0,150.0,5.0
32,2018,28.0,10.596659732783579,0,0,0,16.25,1968.0,148.0,7.0
36,2019,55.0,9.741027444837728,0,0,0,18.0,1969.0,190.0,5.0
10,2016,21.0,11.350418300109132,0,0,2,12.62,2198.0,158.0,7.0
19,2014,27.0,11.184435286790631,0,0,0,12.0,2179.0,187.0,5.0
24,2014,28.0,11.270866642542865,0,0,0,14.0,2143.0,167.0,5.0
2,2015,23.5,10.932856938462077,1,0,0,13.0,1984.0,177.0,5.0
24,2013,28.0,11.350418300109132,0,0,0,11.0,2987.0,254.0,5.0
2,2015,21.43,9.521421537856195,0,0,0,17.0,1968.0,174.0,5.0
24,2015,26.7,10.968215530759236,1,0,0,11.0,1796.0,186.0,5.0
24,2019,35.67,9.640172836532642,0,0,0,19.108188313345238,1950.0,194.0,5.0
2,2014,29.5,10.933124826700707,0,0,2,18.0,1968.0,187.0,5.0
2,2018,39.58,10.786593717019239,0,0,0,17.0,1968.0,174.0,5.0
15,2011,24.0,11.264476926102367,0,0,2,14.0,2993.0,270.0,5.0
24,2017,54.0,9.500993027872797,1,0,0,19.0,2996.0,362.0,2.0
2,2013,37.0,10.043292972227004,1,0,0,11.0,2894.0,444.0,4.0
3,2014,26.5,10.778977123006351,0,0,0,21.0,1995.0,190.0,5.0
2,2015,23.32,10.783425454944485,0,0,0,17.0,1968.0,174.0,5.0
24,2010,30.0,10.471014819171423,1,0,0,7.0,5461.0,362.0,5.0
3,2015,45.0,10.62135173563291,0,0,0,15.0,2993.0,258.0,5.0
24,2017,33.66,10.066923561388053,0,0,0,19.0,2143.0,167.0,5.0
24,2016,42.5,10.701332529203802,0,0,0,17.0,2143.0,170.0,5.0
25,2017,23.0,9.050875597325156,0,0,2,16.0,1998.0,112.0,5.0
2,2014,22.95,10.596659732783579,0,0,0,17.0,1968.0,174.0,5.0
3,2014,33.5,10.839600519357369,0,0,0,22.0,1995.0,190.0,5.0
24,2014,32.0,10.528971334610977,0,0,0,13.0,2143.0,201.0,5.0
19,2018,55.76,10.493826513114392,0,0,0,12.0,2179.0,187.0,5.0
2,2012,45.0,10.933124826700707,0,0,0,11.0,2967.0,246.0,5.0
32,2017,26.0,10.165890277802454,1,0,0,14.0,1798.0,177.0,5.0
24,2018,39.41,10.28062177087623,0,0,0,19.0,2143.0,167.0,5.0
25,2017,35.67,10.178388290623175,1,0,0,16.0,1998.0,189.0,4.0
12,2018,21.99,10.84636179105997,0,0,0,16.0,1995.0,183.0,5.0
24,2017,61.29,10.30293458831873,0,0,0,11.0,2987.0,254.0,5.0
3,2017,45.77,10.858672021035643,0,0,0,16.0,2993.0,258.0,5.0
2,2018,70.36,9.33149549353265,0,0,0,12.0,2967.0,241.0,7.0
3,2015,28.0,11.06665398721974,0,0,0,18.0,1995.0,177.0,5.0
2,2015,26.78,10.362588209810202,0,0,0,17.0,1968.0,174.0,5.0
24,2017,57.0,10.275085591132715,0,0,0,17.0,2143.0,201.0,5.0
19,2017,44.0,10.691967639914864,0,0,0,12.0,2179.0,187.0,5.0
2,2014,21.95,10.849259413732451,0,0,0,17.0,1968.0,174.0,5.0
3,2011,49.0,10.308985993422082,0,0,0,9.0,2993.0,313.0,4.0
2,2017,62.67,11.486899714145839,0,0,0,14.0,2967.0,245.0,7.0
3,2015,25.99,10.332604080975573,0,0,2,21.0,1995.0,190.0,5.0
15,2017,52.0,9.952325334619427,0,0,0,19.0,1999.0,177.0,5.0
32,2019,27.3,9.528648637969724,1,0,0,14.0,1798.0,177.0,5.0
25,2017,35.0,9.03013657115323,1,1,0,13.0,1998.0,192.0,5.0
24,2014,26.0,10.12667110305036,0,1,0,15.0,2148.0,170.0,5.0
24,2014,26.5,10.991460106099893,0,0,0,14.0,2143.0,203.0,5.0
24,2017,37.0,10.431199791458543,0,0,0,15.0,2143.0,204.0,5.0
15,2017,34.5,9.105090961257085,1,0,0,13.0,1999.0,246.0,5.0
25,2015,32.0,9.90353755128617,1,0,0,18.0,1598.0,122.0,4.0
24,2017,62.81,10.941145998533898,0,0,0,13.0,2987.0,282.0,5.0
19,2012,30.0,10.933124826700707,0,0,0,12.0,2179.0,187.0,5.0
24,2010,28.0,11.350430064607407,0,0,2,12.0,2987.0,224.0,7.0
26,2018,28.0,9.392745258631441,0,0,0,13.0,2477.0,175.0,7.0
19,2017,53.83,10.462846164547514,0,0,0,12.0,2179.0,187.0,5.0
3,2013,33.5,10.933124826700707,0,0,0,16.0,2993.0,218.0,5.0
15,2013,27.95,11.225256725762893,0,0,0,14.0,2993.0,270.0,5.0
2,2017,25.71,10.533242221705077,0,0,0,15.0,1968.0,174.0,5.0
19,2014,29.67,11.468450974868398,0,0,0,12.0,2179.0,187.0,5.0
3,2015,25.5,10.62135173563291,0,0,0,21.0,1995.0,190.0,5.0
24,2018,70.99,10.016726948142638,1,0,0,11.0,2996.0,367.0,5.0
2,2016,24.5,10.757924157061597,1,0,0,15.0,1798.0,187.0,5.0
25,2014,28.5,9.38437770918244,1,0,0,16.0,1998.0,189.0,4.0
3,2011,25.82,10.96531482599557,0,0,0,16.0,2993.0,258.0,5.0
36,2015,22.0,10.404293143019792,0,0,2,16.0,1984.0,150.0,5.0
2,2014,39.0,10.545367754151743,0,0,2,14.0,1968.0,174.0,5.0
3,2016,36.5,9.864538802397552,0,0,0,21.0,1995.0,190.0,5.0
2,2016,48.91,10.83963973350584,0,0,0,11.0,4134.0,335.0,7.0
24,2018,51.43,10.181346536039147,1,0,0,12.0,1950.0,191.0,5.0
24,2014,23.0,10.714439990727769,0,1,0,15.0,2148.0,170.0,5.0
19,2015,33.5,10.085850775128717,0,0,2,15.0,1999.0,177.0,5.0
34,2017,28.42,10.762127984908533,0,1,0,12.0,2982.0,168.0,7.0
24,2017,56.0,11.767575435251748,0,0,0,11.0,2987.0,258.0,7.0
34,2017,32.0,10.12667110305036,0,0,0,12.0,2982.0,168.0,7.0
3,2011,27.5,11.225256725762893,0,0,0,11.0,2993.0,245.0,5.0
19,2017,45.64,10.805192426081865,0,0,0,12.0,2179.0,187.0,5.0
2,2017,37.56,10.62235121160071,0,0,0,17.0,1968.0,174.0,5.0
24,2019,38.99,9.48729005784892,1,0,0,19.108188313345238,1950.0,181.0,5.0
3,2017,29.4,10.36236703727893,0,0,0,20.0,1995.0,190.0,5.0
2,2013,29.5,9.401043372798053,1,0,0,9.0,1984.0,207.0,2.0
3,2014,25.5,10.757924157061597,0,0,0,18.0,1995.0,184.0,5.0
15,2015,29.98,10.527847197669088,0,0,0,16.0,2179.0,187.0,5.0
3,2016,33.0,9.952325334619427,0,0,0,17.0,1995.0,184.0,5.0
2,2014,29.77,11.288868997074454,0,0,0,11.0,4134.0,335.0,7.0
3,2014,44.0,9.852246888342531,0,0,0,15.0,2993.0,258.0,7.0
2,2016,24.22,10.984512757777187,1,0,0,13.0,1984.0,177.0,5.0
15,2016,44.0,9.210440366976517,0,0,0,16.0,2179.0,187.0,5.0
34,2019,24.82,10.613368932087239,0,0,0,11.0,2755.0,171.0,7.0
24,2018,48.5,9.21074029199751,0,0,0,17.0,2143.0,170.0,5.0
3,2016,44.56,9.950752745003243,0,0,0,14.0,2993.0,258.0,5.0
25,2016,29.5,9.305741456739435,0,0,0,20.0,1496.0,113.0,5.0
2,2015,25.0,11.0186455364637,0,0,0,15.0,1968.0,174.0,5.0
3,2016,35.84,9.886290527707606,0,0,0,18.0,1995.0,190.0,5.0
3,2014,23.5,11.146647415602889,0,0,0,16.0,1995.0,181.0,5.0
24,2017,37.93,10.14878390849147,0,0,0,19.0,2143.0,201.0,5.0
15,2017,75.0,9.259320994197804,1,0,0,9.0,1999.0,237.0,5.0
2,2014,23.89,10.81907803929589,0,0,0,17.0,1968.0,174.0,5.0
24,2016,55.54,10.031572892299346,1,0,0,18.0,3498.0,306.0,2.0
2,2014,29.0,10.778977123006351,0,0,0,18.0,1968.0,187.0,5.0
10,2017,31.12,10.82943154143842,0,0,0,10.0,3198.0,197.0,7.0
2,2013,25.46,9.506957408485542,0,0,0,12.0,1968.0,167.0,5.0
24,2017,36.0,10.434145214930487,0,0,0,13.0,2143.0,204.0,5.0
24,2014,30.0,11.695255355062795,0,0,0,19.108188313345238,2987.0,165.0,5.0
3,2015,54.0,11.141876276228,0,0,0,15.0,2993.0,258.0,5.0
2,2015,43.35,10.757562397202355,0,0,2,12.0,2967.0,241.0,7.0
3,2015,24.75,11.51293546492023,0,0,0,18.0,1995.0,184.0,5.0
25,2014,23.5,11.002116507732017,0,0,2,20.0,1496.0,113.0,5.0
19,2008,26.5,10.91512482718983,0,0,2,19.108188313345238,1491.3252850863223,97.99110021023124,5.0
15,2016,35.68,10.776411387705071,0,0,0,16.0,2179.0,187.0,5.0
24,2017,31.94,10.677500179150627,0,0,0,15.0,2143.0,204.0,5.0
3,2016,35.55,9.571644584298577,0,0,0,18.0,1995.0,184.0,5.0
24,2018,39.47,10.513198774854038,0,0,0,19.0,2143.0,167.0,5.0
2,2015,22.75,11.250625198454825,0,0,0,15.0,1968.0,174.0,5.0
24,2015,55.0,9.210440366976517,1,0,0,18.0,3498.0,306.0,2.0
24,2016,56.0,9.952325334619427,0,0,0,17.0,2143.0,201.0,5.0
10,2017,29.2,10.99603146580263,0,0,0,10.0,3198.0,197.0,7.0
3,2013,23.29,11.595804147462973,0,0,0,11.0,2993.0,235.0,5.0
3,2016,23.99,10.545367754151743,0,0,0,22.0,1995.0,190.0,5.0
3,2014,41.5,10.757924157061597,0,0,0,15.0,2993.0,258.0,7.0
15,2015,32.8,10.696366939495048,0,0,0,16.0,2179.0,187.0,5.0
24,2018,50.29,10.944700221805979,0,0,0,13.0,2987.0,258.0,5.0
34,2015,21.67,11.526216743291439,0,0,0,12.0,2982.0,168.0,7.0
2,2012,35.0,8.853808274977197,1,0,0,14.0,1984.0,226.0,4.0
24,2015,21.8,10.647256552094476,0,0,0,13.0,2143.0,201.0,5.0
34,2018,32.0,9.741027444837728,1,0,0,19.0,2494.0,158.0,5.0
2,2013,23.99,11.158847146878761,0,0,0,17.0,1968.0,174.0,5.0
24,2016,27.0,10.97174372118934,0,0,0,19.0,2143.0,167.0,5.0
2,2017,43.74,10.604578100850384,0,0,0,14.0,1968.0,174.0,5.0
3,2016,58.0,11.23850177707664,0,0,0,15.0,2993.0,258.0,7.0
19,2018,59.72,10.355454494295712,0,0,0,15.0,1999.0,177.0,5.0
24,2015,30.0,10.819798284210286,0,0,0,19.0,2143.0,167.0,5.0
24,2018,39.5,9.069122370060645,0,0,0,19.108188313345238,1950.0,194.0,5.0
24,2017,28.25,9.524420918282495,0,0,0,17.0,2143.0,136.0,5.0
10,2019,31.15,9.324561516066206,0,0,0,12.0,2198.0,158.0,7.0
24,2014,38.75,11.350418300109132,0,0,0,11.0,2987.0,254.0,7.0
15,2014,26.5,10.778977123006351,0,0,0,16.0,2179.0,187.0,5.0
19,2011,67.0,10.915106645867503,0,0,0,10.0,4367.0,308.0,7.0
2,2015,25.0,10.714439990727769,0,0,0,18.0,1968.0,187.0,5.0
10,2016,29.5,11.127277689932466,0,0,0,10.0,3198.0,197.0,7.0
30,2015,64.0,9.26036786557583,1,0,0,8.0,2706.0,265.0,2.0
2,2014,51.0,10.819798284210286,0,0,0,11.0,4134.0,335.0,7.0
2,2015,38.94,10.8918384469467,0,0,2,12.0,2967.0,241.0,7.0
3,2013,27.5,10.97679912709094,0,0,2,17.0,1995.0,218.0,5.0
24,2018,51.35,9.925591451443054,1,0,0,12.0,1950.0,191.0,5.0
25,2014,22.0,10.434145214930487,0,0,0,20.0,1496.0,113.0,5.0
24,2013,24.5,10.454523783963511,0,0,0,10.0,2148.0,170.0,5.0
3,2015,44.0,9.735128070758227,0,0,0,14.0,2993.0,258.0,5.0
24,2016,30.42,10.48960616033755,1,1,0,12.0,1796.0,185.0,5.0
36,2015,25.0,10.839600519357369,0,0,0,27.0,1969.0,190.0,5.0
24,2017,69.5,9.61587214452889,0,0,0,13.0,2987.0,265.0,5.0
2,2015,38.0,11.096485351208939,0,0,2,12.0,2967.0,241.0,7.0
3,2014,23.0,10.463131911491967,0,0,2,18.0,1995.0,190.0,5.0
24,2017,32.25,10.515560243318403,0,0,0,13.0,2143.0,204.0,5.0
2,2013,21.0,11.002116507732017,0,0,0,17.0,1968.0,184.0,5.0
15,2018,40.0,6.90875477931522,0,0,0,13.0,1999.0,177.0,5.0
34,2018,32.0,9.774858409938947,1,0,0,19.0,2494.0,157.0,5.0
2,2018,45.62,10.388903056364905,0,0,0,13.0,2967.0,241.0,5.0
24,2014,24.0,10.596659732783579,0,0,0,13.0,2143.0,201.0,5.0
24,2016,32.5,10.857940745504632,0,0,0,19.0,2143.0,170.0,5.0
2,2014,27.35,9.565424050523422,1,0,0,9.0,1984.0,207.0,2.0
19,2013,34.0,11.082157933374816,0,0,2,11.0,2993.0,180.0,7.0
2,2014,21.56,10.958792120937073,0,0,0,17.0,1968.0,174.0,5.0
3,2012,24.68,10.702142737876844,0,0,0,22.0,1995.0,190.0,5.0
3,2016,29.5,10.34177474101152,0,0,0,17.0,1995.0,190.0,5.0
24,2014,43.0,10.404293143019792,0,0,2,19.108188313345238,2987.0,165.0,5.0
2,2016,67.0,9.903637541287253,0,0,0,14.0,2967.0,245.0,7.0
3,2015,30.0,9.210440366976517,0,0,0,18.0,1995.0,184.0,5.0
19,2012,70.0,11.105543520905284,0,0,0,10.0,4367.0,308.0,7.0
24,2015,42.0,10.633304117453084,0,0,0,13.0,2987.0,265.0,5.0
3,2019,45.86,9.818691900831412,0,0,0,22.0,1995.0,187.0,5.0
3,2013,22.0,10.308985993422082,0,0,0,18.0,1995.0,184.0,5.0
3,2016,43.78,10.481784891417131,0,0,0,15.0,2993.0,258.0,7.0
2,2011,28.75,10.645448706505872,0,0,0,14.0,2967.0,241.0,5.0
24,2017,25.0,10.819798284210286,0,0,0,17.0,2143.0,136.0,5.0
10,2018,32.44,10.327218159451137,0,0,0,10.0,3198.0,197.0,7.0
24,2014,27.0,10.846537053710975,0,0,0,14.0,2143.0,170.0,5.0
19,2008,40.88,11.143006056185946,1,1,0,19.108188313345238,1491.3252850863223,97.99110021023124,5.0
2,2016,27.0,10.714439990727769,0,0,0,17.0,1968.0,184.0,5.0
2,2016,39.5,10.668978650219241,0,0,0,14.0,1968.0,174.0,5.0
25,2013,21.94,10.839600519357369,0,0,0,23.0,1998.0,112.0,5.0
24,2009,22.0,10.645448706505872,0,0,2,13.0,2987.0,210.0,5.0
15,2016,58.73,9.778661019589283,0,0,0,12.0,2993.0,270.0,5.0
19,2019,97.07,10.166390133623686,0,0,0,12.0,2993.0,255.0,5.0
3,2014,28.79,10.623520061877455,0,0,0,16.0,1995.0,184.0,5.0
19,2014,34.5,10.933124826700707,0,0,0,12.0,2179.0,187.0,5.0
34,2018,32.1,10.594833111149445,0,1,0,12.0,2982.0,168.0,7.0
34,2019,22.55,9.32741204356202,0,1,0,13.0,2393.0,147.0,8.0
2,2014,44.0,10.12667110305036,0,0,0,12.0,2967.0,236.0,5.0
24,2014,49.0,10.859018228147887,0,0,0,12.0,2987.0,224.0,7.0
25,2016,23.5,9.90353755128617,0,0,0,20.0,1496.0,113.0,4.0
24,2016,29.98,10.564395591953422,0,0,0,14.0,2143.0,203.0,5.0
2,2015,48.0,9.952325334619427,0,0,0,12.0,2967.0,241.0,7.0
19,2017,41.5,10.596659732783579,0,0,0,12.0,1999.0,148.0,7.0
35,2017,24.9,10.82994641332591,0,0,0,17.0,1968.0,141.0,5.0
24,2014,23.25,10.736418414365376,0,0,0,13.0,2143.0,201.0,5.0
2,2019,72.94,8.820847033377717,0,0,0,14.0,2967.0,245.0,7.0
3,2017,30.29,10.399372112432818,0,0,0,17.0,1995.0,190.0,5.0
2,2016,24.74,11.130111863421801,0,0,0,17.0,1968.0,174.0,5.0
24,2013,36.0,10.736418414365376,0,0,0,12.0,2987.0,224.0,7.0
15,2017,38.0,8.294299608857235,0,0,0,13.0,1999.0,177.0,5.0
24,2014,24.5,10.859018228147887,0,0,0,13.0,2143.0,204.0,5.0
2,2015,32.95,9.389741000342473,0,0,0,13.0,2967.0,241.0,5.0
24,2017,34.78,10.393385716619122,0,0,0,14.0,2143.0,170.0,5.0
3,2018,37.3,10.391668714817564,0,0,0,22.0,1995.0,190.0,5.0
24,2018,70.8,10.599879463260962,0,0,0,11.0,2987.0,254.0,5.0
24,2012,22.25,10.839600519357369,0,0,0,11.0,2987.0,254.0,5.0
3,2015,26.75,10.389026137075234,0,0,0,19.0,1995.0,187.0,5.0
2,2016,28.03,10.979547436733727,0,0,0,15.0,1968.0,181.0,5.0
10,2017,30.48,10.545367754151743,0,0,0,10.0,3198.0,197.0,7.0
3,2013,48.0,10.968215530759236,0,0,0,11.0,2993.0,306.0,4.0
30,2013,40.0,11.156264806643742,0,0,0,15.0,2967.0,240.0,5.0
3,2016,30.8,11.052666204774926,0,0,2,18.0,1995.0,190.0,5.0
24,2015,38.0,11.141876276228,0,0,0,19.108188313345238,2987.0,165.0,5.0
24,2013,29.0,10.275085591132715,0,0,0,14.0,2143.0,203.0,5.0
2,2014,24.5,9.952325334619427,0,0,0,17.0,1968.0,174.0,5.0
24,2012,36.0,11.326607934898927,0,0,0,11.0,2987.0,254.0,5.0
2,2015,35.0,10.933124826700707,0,0,0,14.0,1968.0,174.0,5.0
3,2016,27.75,8.853808274977197,0,0,0,20.0,1995.0,190.0,5.0
24,2017,64.87,10.42088155718015,0,0,0,11.0,2987.0,254.0,5.0
3,2017,40.5,9.880423612937577,0,0,0,18.0,1995.0,190.0,5.0
2,2014,38.95,10.545367754151743,0,0,2,14.0,1968.0,174.0,5.0
24,2018,79.0,8.699681400989514,0,0,0,11.0,2987.0,258.0,7.0
2,2014,24.94,11.007700793213884,0,0,2,14.0,2967.0,241.0,5.0
34,2017,30.0,9.61587214452889,0,0,0,12.0,2755.0,174.0,7.0
3,2017,48.63,10.21515467023837,0,0,0,14.0,2993.0,258.0,5.0
2,2015,39.47,10.663077689644787,0,0,2,14.0,1968.0,174.0,5.0
3,2015,22.24,10.651738259322098,0,0,2,20.0,1995.0,190.0,5.0
3,2012,21.0,11.097425172408931,0,0,0,15.0,2993.0,258.0,5.0
24,2013,23.0,10.718874489469398,0,0,0,10.0,2148.0,170.0,5.0
24,2017,30.5,10.383596203640058,0,0,0,14.0,2143.0,170.0,5.0
2,2017,22.5,9.99884318585288,0,0,2,20.0,1968.0,143.0,5.0
24,2017,23.5,10.463131911491967,0,0,0,17.0,2143.0,136.0,5.0
34,2018,31.62,10.537786657286867,0,0,2,12.0,2982.0,168.0,7.0
3,2018,93.67,10.242135990940183,1,0,0,12.0,2979.0,320.0,5.0
24,2013,23.5,9.952325334619427,0,0,0,14.0,2143.0,170.0,5.0
3,2017,93.0,9.768011412973678,1,0,0,12.0,2979.0,320.0,5.0
3,2014,21.6,10.778977123006351,0,0,0,22.0,1995.0,190.0,5.0
24,2014,41.0,11.277215789596893,0,0,0,12.0,2987.0,224.0,7.0
3,2016,28.5,10.245089466977339,0,0,0,20.0,1995.0,190.0,5.0
15,2013,26.75,10.354595018522993,0,0,0,16.0,2179.0,187.0,5.0
2,2011,23.0,10.87806606028079,0,0,0,12.0,1968.0,167.0,5.0
24,2011,22.0,10.12667110305036,1,0,2,12.0,1796.0,185.0,5.0
3,2015,43.6,10.307852055200259,0,0,2,16.0,2993.0,261.0,5.0
2,2014,25.0,10.085850775128717,0,0,0,17.0,1968.0,174.0,5.0
25,2017,34.0,7.601402334583733,0,0,0,20.0,1496.0,113.0,5.0
3,2015,29.0,11.082157933374816,0,0,2,18.0,1995.0,190.0,5.0
3,2013,45.0,10.308985993422082,0,0,0,9.0,2993.0,313.0,4.0
24,2019,83.96,7.834788107388194,1,0,0,19.0,2996.0,362.0,2.0
24,2013,21.0,11.350418300109132,0,0,0,16.0,1950.0,194.0,5.0
30,2010,32.0,10.463131911491967,1,0,2,11.0,4806.0,550.0,5.0
34,2015,24.5,9.86879258273924,0,1,0,13.0,2982.0,168.0,7.0
24,2017,56.73,10.150425752416055,0,0,0,17.0,2143.0,201.0,5.0
2,2015,25.0,10.819798284210286,0,0,0,17.0,1968.0,174.0,5.0
24,2018,39.45,10.105039677606861,0,0,0,19.0,2143.0,167.0,5.0
2,2012,36.5,11.385103457032141,0,0,0,12.0,2967.0,241.0,7.0
34,2017,31.0,10.275085591132715,0,0,0,12.0,2755.0,174.0,7.0
19,2016,34.08,10.27584389807654,0,0,2,15.0,1999.0,177.0,5.0
10,2018,31.99,9.546884034617925,0,0,0,12.0,2198.0,158.0,7.0
24,2017,38.5,9.579901925737992,0,0,0,19.0,2143.0,201.0,5.0
15,2016,33.63,9.504426892100957,0,0,0,16.0,2179.0,187.0,5.0
2,2014,25.02,11.110700103211892,0,0,0,17.0,1968.0,174.0,5.0
19,2017,41.6,10.463131911491967,0,0,0,18.0,2993.0,255.0,7.0
34,2015,23.0,11.920967250591843,0,1,0,14.0,2755.0,174.0,7.0
24,2016,29.6,10.756561555986371,0,0,0,13.0,2143.0,204.0,5.0
36,2016,24.36,10.651596291170048,0,0,0,9.0,1984.0,181.0,5.0
34,2015,25.0,10.12667110305036,1,0,0,19.0,2494.0,158.0,5.0
3,2018,46.0,8.853808274977197,0,0,0,18.0,1995.0,190.0,5.0
34,2015,22.0,11.205054290550551,0,1,0,13.0,2982.0,168.0,7.0
34,2017,22.99,10.473308235808691,0,0,0,11.0,2755.0,171.0,7.0
2,2014,24.0,11.002116507732017,0,0,0,16.0,1968.0,147.0,5.0
24,2016,35.0,10.859018228147887,0,0,0,15.0,2143.0,203.0,5.0
24,2012,22.58,11.06490248157219,0,0,0,14.0,2987.0,224.0,5.0
12,2015,21.0,10.985309671896763,0,0,0,13.0,2199.0,194.0,7.0
19,2014,29.93,11.075319323529648,0,0,2,12.0,2179.0,187.0,5.0
25,2015,22.0,10.434145214930487,0,0,0,23.0,1998.0,112.0,5.0
3,2013,42.5,10.72121682491962,0,0,2,11.0,2993.0,241.0,4.0
2,2011,21.0,10.819798284210286,0,0,3,16.0,2967.0,241.0,5.0
3,2015,22.99,10.799595985047786,0,0,0,17.0,1995.0,184.0,5.0
19,2010,40.0,10.714439990727769,0,0,0,14.0,2993.0,241.0,6.0
3,2016,54.45,9.78352088448894,0,0,0,15.0,2993.0,258.0,5.0
24,2019,78.8,9.139166552521658,0,0,0,18.0,2987.0,258.0,5.0
3,2017,65.0,15.687312888712007,0,0,0,15.0,2993.0,258.0,5.0
34,2016,22.5,11.385194360958117,0,0,2,12.0,2755.0,174.0,7.0
24,2018,28.9,9.210440366976517,0,0,0,17.0,2143.0,136.0,5.0
24,2016,25.0,10.043292972227004,1,0,0,13.0,1991.0,183.0,5.0
24,2016,26.0,10.12667110305036,1,0,0,15.0,1991.0,183.0,5.0
25,2012,22.0,9.741027444837728,1,0,2,16.0,1998.0,189.0,4.0
25,2013,21.5,9.952325334619427,1,0,0,17.0,1998.0,189.0,4.0
24,2016,45.61,10.052726188002366,0,0,0,15.0,2143.0,203.0,5.0
36,2014,23.65,11.398983791824563,0,1,0,11.0,2400.0,200.0,7.0
34,2015,23.0,10.985309671896763,0,1,0,13.0,2982.0,168.0,7.0
15,2016,79.0,9.392745258631441,0,0,0,10.0,2993.0,271.0,4.0
24,2018,39.22,10.049879640751199,0,0,0,19.0,2143.0,167.0,5.0
34,2016,27.0,10.284591659731356,1,0,0,19.0,2494.0,158.0,5.0
3,2013,21.75,10.915106645867503,0,0,0,22.0,1995.0,190.0,5.0
24,2017,45.0,10.12667110305036,0,0,0,17.0,2143.0,170.0,5.0
34,2017,30.0,10.596659732783579,0,0,0,12.0,2755.0,174.0,7.0
3,2017,33.66,10.077734934062509,0,0,0,22.0,1995.0,190.0,5.0
24,2017,27.43,10.047890880908506,0,0,0,17.0,2143.0,136.0,5.0
15,2015,31.8,10.773943748066484,0,0,0,14.0,2993.0,270.0,5.0
2,2016,28.0,9.305741456739435,0,0,0,17.0,1968.0,174.0,5.0
24,2017,38.5,9.91095956737483,0,0,0,19.0,2143.0,167.0,5.0
2,2012,39.0,11.277215789596893,0,0,0,12.0,2967.0,241.0,7.0
2,2016,25.75,10.5877201157065,0,0,0,17.0,1968.0,174.0,5.0
24,2018,56.5,9.305741456739435,0,0,0,16.0,1950.0,194.0,5.0
3,2014,21.0,9.83097062169695,0,0,2,22.0,1995.0,190.0,5.0
3,2013,44.0,9.952325334619427,0,0,2,17.0,2993.0,313.0,4.0
3,2016,34.51,10.691990366412826,0,0,0,18.0,1995.0,190.0,5.0
19,2016,36.75,10.985309671896763,0,0,0,18.0,2993.0,255.0,7.0
2,2011,22.0,11.49273296168228,0,0,0,12.0,2967.0,241.0,7.0
24,2017,27.87,9.950848123895966,0,0,0,17.0,2143.0,136.0,5.0
2,2016,53.11,10.265836369570664,0,0,2,12.0,2967.0,241.0,7.0
24,2018,70.15,9.980633761712781,0,0,0,13.0,2987.0,265.0,5.0
3,2016,60.0,10.12667110305036,0,0,0,15.0,2993.0,308.0,5.0
2,2015,23.45,9.997888227957612,0,0,0,17.0,1968.0,174.0,5.0
16,2018,21.69,10.782886058225875,0,1,0,16.0,1956.0,170.0,5.0
2,2015,52.5,9.952325334619427,0,0,2,12.0,2967.0,241.0,7.0
25,2016,35.0,9.61587214452889,1,0,0,16.0,1998.0,189.0,4.0
3,2016,31.5,10.308985993422082,0,0,2,18.0,1995.0,190.0,5.0
2,2014,35.0,10.819798284210286,0,0,0,14.0,1968.0,174.0,5.0
30,2015,75.0,10.130662964963708,0,0,0,17.0,2967.0,300.0,4.0
24,2017,27.15,10.115934094302002,1,0,0,15.0,1991.0,183.0,5.0
10,2018,30.27,10.849938847305134,0,0,0,10.0,3198.0,197.0,7.0
24,2016,29.5,10.584081267024454,0,0,0,15.0,2143.0,204.0,5.0
2,2015,27.5,10.839600519357369,0,0,0,15.0,1968.0,181.0,5.0
30,2014,51.52,11.002666347375978,0,0,0,18.0,2967.0,250.0,4.0
15,2014,31.0,10.91512482718983,0,0,0,16.0,2179.0,187.0,5.0
25,2017,35.98,9.926715678655334,1,0,0,16.0,1998.0,189.0,4.0
24,2018,39.62,9.933289043772918,0,0,0,19.0,2143.0,167.0,5.0
24,2018,59.29,10.332245920613584,0,0,0,11.0,2987.0,254.0,5.0
3,2013,34.54,11.205394364145754,0,0,0,16.0,2993.0,258.0,5.0
3,2015,50.0,11.141905260895113,0,0,0,15.0,2993.0,258.0,5.0
24,2017,64.95,9.896664327188002,0,0,0,11.0,2987.0,254.0,5.0
3,2018,28.0,10.085850775128717,0,0,0,18.0,1995.0,184.0,5.0
3,2017,32.64,10.516941964186826,0,0,0,18.0,1995.0,190.0,5.0
3,2015,35.0,9.546884034617925,0,0,0,18.0,1995.0,190.0,5.0
2,2016,39.0,11.186266916203587,0,0,2,12.0,2967.0,241.0,7.0
34,2019,33.13,9.985988774047872,0,0,0,12.0,2755.0,174.0,7.0
2,2014,24.0,10.933124826700707,0,0,0,18.0,1968.0,187.0,5.0
2,2014,25.0,11.034905792929415,0,0,0,18.0,1968.0,187.0,5.0
30,2013,50.5,10.778977123006351,0,0,2,17.0,2967.0,300.0,4.0
15,2015,75.0,10.165890277802454,0,0,0,14.0,2993.0,301.0,5.0
16,2019,23.91,8.742254901886351,0,1,0,16.0,1956.0,170.0,5.0
19,2018,44.83,10.63734472134386,0,0,0,12.0,2179.0,187.0,5.0
15,2014,26.5,10.668978650219241,0,0,2,16.0,2179.0,187.0,5.0
2,2013,22.5,11.407576060361786,0,0,2,12.0,2698.0,179.0,5.0
24,2018,39.51,9.279399907907678,0,0,0,19.0,2143.0,167.0,5.0
3,2017,28.45,10.92215435102715,0,0,0,18.0,1995.0,184.0,5.0
30,2010,42.91,10.65492722584759,1,0,3,8.0,4806.0,394.0,4.0
3,2016,47.7,9.865526046249009,0,0,0,14.0,2993.0,258.0,5.0
25,2018,39.75,7.99699040583765,1,0,0,13.0,1598.0,181.0,4.0
34,2016,23.5,11.508857200794274,0,1,0,11.0,2982.0,171.0,7.0
10,2017,28.88,11.02041443382118,0,0,0,10.0,3198.0,197.0,7.0
3,2013,20.99,10.782782294723557,0,0,0,13.0,1995.0,170.0,5.0
19,2019,55.7,10.16199824768763,0,0,0,12.0,2179.0,147.0,5.0
24,2017,37.5,9.32375833901174,0,0,0,19.0,2143.0,167.0,5.0
24,2016,56.0,9.680406499268875,0,0,0,11.0,2987.0,254.0,7.0
2,2014,34.88,10.841089577019996,0,0,0,12.0,2967.0,241.0,7.0
2,2012,29.0,10.819818283610305,0,0,0,14.0,2967.0,241.0,5.0
10,2016,29.8,10.275085591132715,0,0,0,10.0,3198.0,197.0,7.0
2,2013,32.5,10.691967639914864,0,0,0,14.0,1968.0,174.0,5.0
2,2012,28.0,10.115408363827857,0,0,2,19.108188313345238,2967.0,241.0,5.0
24,2015,24.63,10.622740980180552,0,0,0,13.0,2143.0,201.0,5.0
10,2016,26.0,11.407576060361786,0,0,0,10.0,3198.0,197.0,7.0
3,2014,21.5,10.714439990727769,0,0,0,17.0,1995.0,184.0,5.0
24,2014,22.75,11.302216779257382,0,0,0,13.0,2143.0,204.0,5.0
15,2016,36.15,10.917195334113794,0,0,0,14.0,2993.0,270.0,5.0
15,2014,25.7,9.798182590890704,0,0,0,16.0,2179.0,187.0,5.0
2,2015,25.31,10.379908049577942,0,0,0,17.0,1968.0,174.0,5.0
2,2017,21.73,11.022261881028179,1,0,0,17.0,1395.0,147.0,5.0
25,2019,31.55,9.606293719711752,0,0,0,20.0,1496.0,113.0,5.0
10,2019,27.36,9.59212735272977,0,1,0,12.0,2198.0,158.0,7.0
24,2015,28.5,9.61587214452889,0,0,0,19.0,2143.0,170.0,5.0
15,2014,28.63,11.321001956631987,0,0,0,14.0,2993.0,270.0,5.0
25,2015,24.77,10.227091634163973,0,0,2,20.0,1496.0,113.0,4.0
10,2019,35.5,9.105090961257085,0,0,0,10.0,3198.0,197.0,7.0
3,2012,26.5,10.623787731088578,0,0,0,16.0,2993.0,261.0,5.0
24,2016,49.22,10.033199159057785,0,0,0,19.108188313345238,2987.0,165.0,5.0
19,2015,39.75,10.859018228147887,0,0,0,12.0,2179.0,187.0,5.0
24,2015,23.41,10.99593085205871,0,0,0,13.0,2143.0,201.0,5.0
19,2012,65.0,11.050905878263567,0,0,2,11.0,4367.0,335.0,5.0
2,2017,27.0,10.34177474101152,0,0,0,18.0,1968.0,147.0,5.0
24,2015,48.0,8.922924930641832,1,0,0,10.0,2996.0,333.0,4.0
24,2018,59.65,10.284591659731356,0,0,0,11.0,2987.0,254.0,5.0
25,2016,23.8,10.382791548979164,0,0,0,20.0,1496.0,113.0,4.0
2,2015,29.0,10.545367754151743,0,0,0,15.0,1968.0,174.0,5.0
24,2019,25.75,10.303504513070566,0,0,0,17.0,2143.0,136.0,5.0
3,2010,25.93,10.823013046920213,1,0,0,8.0,4395.0,402.0,5.0
34,2017,25.12,11.131957828462452,0,0,0,12.0,2982.0,168.0,7.0
24,2010,28.0,10.736418414365376,0,0,0,11.0,2987.0,261.0,7.0
3,2015,43.0,10.292179440058462,0,0,0,15.0,2993.0,258.0,7.0
2,2015,24.25,10.645448706505872,0,0,0,17.0,1968.0,174.0,5.0
19,2012,23.5,11.002116507732017,0,0,2,12.0,2179.0,187.0,5.0
2,2014,22.5,10.596659732783579,0,0,0,17.0,1968.0,174.0,5.0
24,2015,27.75,10.978319312538835,0,0,0,15.0,2143.0,203.0,5.0
10,2016,24.0,11.225256725762893,0,0,0,12.0,2198.0,158.0,7.0
3,2016,45.73,9.803169856021261,0,0,0,16.0,2993.0,258.0,5.0
2,2012,28.55,11.426757368683097,0,0,0,12.0,2967.0,241.0,7.0
30,2013,75.0,9.894900791598806,0,0,2,17.0,2967.0,300.0,4.0
3,2013,21.26,11.082157933374816,0,0,0,22.0,1995.0,190.0,5.0
24,2009,25.0,11.49273296168228,0,0,2,13.0,2987.0,282.0,5.0
15,2012,45.0,10.819798284210286,0,0,0,12.0,2993.0,271.0,4.0
2,2016,25.64,10.577400943980773,0,0,0,17.0,1968.0,174.0,5.0
19,2016,44.5,11.034905792929415,0,0,0,12.0,2179.0,187.0,7.0
34,2019,22.2,10.42225158360364,0,1,0,13.0,2393.0,147.0,7.0
24,2019,30.77,9.504128762859725,0,0,0,17.0,2143.0,136.0,5.0
2,2017,39.84,10.513932241330831,0,0,0,18.0,1968.0,187.0,5.0
24,2010,32.0,10.275085591132715,0,0,0,9.0,3498.0,271.0,4.0
3,2016,35.0,10.203629181337648,0,0,0,21.0,1995.0,190.0,5.0
3,2015,31.75,11.086241827649694,0,0,0,14.0,2993.0,258.0,5.0
2,2017,36.83,10.688028161525285,0,0,0,13.0,2967.0,241.0,5.0
12,2016,21.37,10.27097384268651,0,0,0,13.0,2199.0,194.0,7.0
3,2011,21.9,10.985309671896763,0,0,0,11.0,2993.0,241.0,4.0
3,2016,30.45,11.244627631648909,0,0,0,18.0,1995.0,190.0,5.0
24,2016,35.28,10.590465743950544,0,0,0,13.0,2143.0,201.0,5.0
24,2017,36.0,9.210440366976517,0,0,0,19.0,2143.0,167.0,5.0
24,2019,50.97,10.285752267473857,0,0,0,17.0,2143.0,170.0,5.0
3,2016,29.95,10.34177474101152,0,0,0,21.0,1995.0,190.0,5.0
24,2015,30.72,11.200786752084456,0,0,0,13.0,2143.0,204.0,5.0
2,2015,23.75,10.984801076625908,0,0,0,17.0,1968.0,174.0,5.0
24,2014,26.0,10.308985993422082,0,0,0,17.0,2143.0,136.0,5.0
19,2015,70.66,10.557582005832373,0,0,0,12.0,2993.0,255.0,5.0
24,2014,29.0,10.87806606028079,0,0,2,14.0,2143.0,203.0,5.0
2,2014,25.71,11.38114111680301,0,0,2,14.0,1968.0,174.0,5.0
3,2015,22.75,10.933124826700707,0,0,0,18.0,1995.0,184.0,5.0
24,2014,26.0,10.308985993422082,0,0,0,14.0,2143.0,203.0,5.0
15,2014,29.5,10.33854382482173,0,0,0,14.0,2993.0,270.0,5.0
2,2018,41.5,9.99884318585288,1,0,0,15.0,1798.0,187.0,5.0
24,2016,24.51,10.384245644679723,0,0,0,17.0,2143.0,136.0,5.0
34,2016,24.99,10.92500279081927,0,0,0,12.0,2982.0,168.0,7.0
36,2015,32.5,11.51293546492023,0,0,0,13.0,2400.0,215.0,5.0
24,2016,34.0,10.714439990727769,0,0,0,14.0,2143.0,203.0,5.0
24,2018,39.05,10.220776969740568,0,0,0,19.0,2143.0,167.0,5.0
2,2016,48.76,10.39040975222056,0,0,0,12.0,2967.0,241.0,7.0
15,2018,52.5,8.006700845440367,0,0,0,16.0,2179.0,187.0,5.0
3,2012,24.0,10.859018228147887,0,0,0,16.0,1995.0,184.0,5.0
24,2016,24.5,10.596659732783579,1,0,0,15.0,1991.0,183.0,5.0
24,2016,34.18,10.674821874116294,0,0,0,13.0,2143.0,204.0,5.0
3,2016,28.5,10.714439990727769,0,0,0,17.0,1995.0,184.0,5.0
24,2014,27.5,11.127277689932466,0,0,0,13.0,2987.0,261.0,5.0
2,2014,21.5,11.082157933374816,0,0,2,15.0,1968.0,174.0,5.0
19,2016,35.0,11.251573687764477,0,0,0,12.0,2179.0,147.0,5.0
2,2013,40.5,10.056766423877352,1,0,0,11.0,2894.0,444.0,4.0
2,2015,29.64,11.00454684484729,0,0,0,14.0,1968.0,174.0,5.0
15,2015,38.0,10.819798284210286,0,0,0,16.0,2179.0,187.0,5.0
3,2014,22.45,11.006772241852998,0,0,0,22.0,1995.0,190.0,5.0
19,2017,160.0,10.12667110305036,0,0,0,13.0,2993.0,255.0,5.0
2,2015,25.02,10.47627337642489,0,0,0,14.0,2967.0,241.0,5.0
34,2017,26.11,10.054060411015502,1,0,0,19.0,2487.0,175.0,5.0
3,2016,57.0,10.714439990727769,0,0,0,15.0,2993.0,258.0,5.0
2,2013,21.5,11.170449240431308,0,0,0,14.0,1968.0,174.0,5.0
26,2019,27.11,9.378224880972368,0,0,0,13.0,2477.0,175.0,6.0
2,2015,36.0,11.050905878263567,0,0,0,14.0,1968.0,174.0,5.0
26,2018,26.5,9.093918908958932,0,0,0,13.0,2477.0,175.0,6.0
34,2019,35.82,10.937596874990138,0,1,0,14.0,2755.0,174.0,7.0
24,2017,38.15,10.680010342017125,0,0,0,15.0,2143.0,204.0,5.0
24,2015,56.0,10.714439990727769,0,0,0,11.0,2987.0,254.0,7.0
30,2015,60.95,10.915033917272405,0,0,0,17.0,2967.0,300.0,4.0
2,2015,23.75,10.239995502805316,0,0,0,15.0,1968.0,174.0,5.0
3,2010,31.0,10.968215530759236,0,0,0,16.0,2993.0,258.0,5.0
2,2014,29.0,10.894904309600681,0,0,0,14.0,1968.0,174.0,5.0
24,2014,22.5,10.44097458125561,0,0,0,14.0,2143.0,203.0,5.0
3,2014,40.66,10.587265983091973,0,0,0,11.0,2993.0,241.0,4.0
10,2016,26.5,10.668978650219241,0,0,0,10.0,3198.0,197.0,7.0
2,2018,32.73,10.001566622695764,0,0,0,18.0,1968.0,147.0,5.0
24,2012,26.0,11.050905878263567,0,0,0,19.108188313345238,2987.0,165.0,5.0
2,2015,21.66,9.510963348560765,0,0,0,18.0,1968.0,187.0,5.0
2,2015,34.5,11.050905878263567,0,0,0,13.0,2967.0,241.0,5.0
2,2014,32.52,11.190927962103327,0,0,0,12.0,2967.0,241.0,7.0
24,2016,32.73,11.088369276356413,0,0,0,13.0,2143.0,204.0,5.0
34,2015,21.5,10.491301994830229,0,0,2,12.0,2982.0,168.0,7.0
3,2017,29.0,10.203666216317192,0,0,0,20.0,1995.0,190.0,5.0
2,2016,50.22,10.71843192346452,0,0,0,12.0,2967.0,241.0,7.0
24,2015,23.0,10.203629181337648,0,0,0,17.0,2143.0,136.0,5.0
34,2019,21.42,10.35047840747279,0,1,0,13.0,2393.0,147.0,8.0
24,2016,33.0,9.90353755128617,0,0,0,19.0,2143.0,170.0,5.0
3,2018,68.94,9.903737521291335,0,0,0,17.0,2993.0,313.0,4.0
15,2012,23.19,11.456587890619938,0,0,0,14.0,2993.0,270.0,5.0
30,2015,45.82,11.00867815656436,0,0,0,16.0,2967.0,245.0,5.0
24,2015,26.0,10.165890277802454,0,1,0,15.0,2148.0,170.0,5.0
3,2014,52.0,10.463131911491967,0,0,0,16.0,2993.0,258.0,5.0
2,2015,48.0,10.819798284210286,0,0,0,11.0,4134.0,335.0,7.0
3,2011,21.99,11.733289156050777,0,0,0,11.0,2993.0,245.0,5.0
2,2015,25.0,11.002116507732017,0,0,0,17.0,1968.0,174.0,5.0
24,2016,49.24,10.234013573979798,0,0,0,19.108188313345238,2987.0,165.0,5.0
3,2015,33.0,10.498360163827734,0,0,0,19.0,1995.0,184.0,5.0
3,2011,27.0,10.968215530759236,0,0,2,11.0,2993.0,245.0,5.0
24,2019,37.99,9.75967491717028,0,0,0,15.0,2148.0,170.0,5.0
2,2014,45.0,11.002116507732017,0,0,0,12.0,2967.0,241.0,7.0
10,2018,56.8,9.966039727193092,1,0,0,13.0,4951.0,395.0,4.0
2,2014,30.5,11.541182449340686,0,0,0,12.0,2967.0,241.0,7.0
36,2014,23.58,11.532747699917314,0,0,0,11.0,2400.0,200.0,7.0
2,2015,47.5,10.819798284210286,0,0,0,12.0,2967.0,241.0,7.0
15,2015,38.0,9.852246888342531,0,0,2,16.0,2179.0,187.0,5.0
24,2016,65.0,10.275085591132715,0,0,0,11.0,2987.0,254.0,5.0
24,2013,32.0,11.51293546492023,0,0,0,12.0,2987.0,224.0,7.0
2,2016,38.72,10.764138716539604,0,0,0,14.0,1968.0,174.0,5.0
3,2016,27.0,11.156264806643742,0,0,2,21.0,1995.0,190.0,5.0
24,2013,21.0,10.12667110305036,0,0,2,14.0,2143.0,167.0,5.0
3,2017,33.75,8.987321812850125,0,0,0,19.0,1995.0,187.0,5.0
15,2015,26.52,10.203666216317192,0,0,0,16.0,2179.0,187.0,5.0
24,2014,25.0,11.51293546492023,0,0,0,14.0,2143.0,203.0,5.0
2,2019,32.91,10.549647941871736,0,0,0,17.0,1968.0,174.0,5.0
2,2017,31.93,10.654125036299098,0,0,0,15.0,1968.0,174.0,5.0
3,2019,36.64,9.645817254152318,0,0,0,20.0,1995.0,190.0,5.0
3,2017,70.0,9.61587214452889,0,0,0,15.0,2993.0,258.0,5.0
24,2016,25.5,10.434145214930487,0,0,0,11.0,2143.0,167.0,5.0
3,2013,26.5,11.440365524765756,0,0,0,16.0,2993.0,218.0,5.0
2,2015,23.0,9.472781556562168,0,0,0,16.0,1968.0,140.0,5.0
34,2015,22.0,10.491301994830229,0,0,0,12.0,2982.0,168.0,7.0
15,2013,24.0,10.736418414365376,0,0,2,16.0,2179.0,187.0,5.0
24,2015,52.0,10.915106645867503,0,0,0,12.0,2987.0,224.0,7.0
24,2015,20.99,10.463131911491967,0,0,0,17.0,2143.0,136.0,5.0
2,2015,27.0,10.308985993422082,0,0,0,17.0,1968.0,174.0,5.0
34,2017,28.85,11.193670162679341,0,1,0,14.0,2755.0,174.0,7.0
24,2014,90.0,8.006700845440367,1,0,2,12.0,5461.0,421.0,2.0
15,2012,32.0,9.680406499268875,0,0,0,16.0,2179.0,187.0,5.0
19,2014,23.0,11.350418300109132,0,0,2,12.0,2179.0,147.0,5.0
24,2015,47.35,9.90353755128617,0,0,0,19.108188313345238,2987.0,165.0,5.0
3,2016,45.0,10.799595985047786,0,0,0,16.0,2993.0,258.0,5.0
24,2010,29.5,10.463131911491967,1,0,0,8.0,5461.0,387.0,2.0
2,2016,23.5,10.645448706505872,0,0,0,15.0,1968.0,174.0,5.0
10,2017,23.86,10.563129654538676,0,1,0,13.0,2198.0,157.0,7.0
25,2014,22.0,10.467834985704485,0,0,2,23.0,1998.0,112.0,5.0
19,2016,42.0,10.859018228147887,0,0,0,15.0,1999.0,177.0,5.0
24,2016,24.85,10.669490135397321,0,0,0,17.0,2143.0,136.0,5.0
24,2011,30.0,10.760898389671993,0,0,2,13.0,2925.0,281.0,5.0
36,2015,24.0,10.545367754151743,0,0,2,16.0,1969.0,150.0,5.0
3,2009,36.0,10.87806606028079,0,0,0,14.0,2993.0,258.0,5.0
3,2018,37.92,9.995929987925688,0,0,0,21.0,1995.0,190.0,5.0
24,2013,22.0,10.778977123006351,0,0,0,14.0,2143.0,203.0,5.0
19,2011,22.0,11.127277689932466,0,0,0,12.0,2179.0,147.0,5.0
24,2016,26.0,10.239995502805316,1,0,0,13.0,1991.0,183.0,5.0
2,2013,23.68,11.291380635019715,0,0,0,12.0,1968.0,167.0,5.0
3,2011,47.5,8.682877107057168,1,0,0,7.0,4395.0,450.0,4.0
24,2015,30.3,9.700759185964511,0,0,0,19.0,2143.0,170.0,5.0
3,2017,32.78,10.641058234397995,0,0,0,18.0,1995.0,190.0,5.0
2,2017,43.0,9.546884034617925,0,0,0,18.0,1968.0,187.0,5.0
24,2015,34.0,10.571342565808699,0,0,0,19.0,2143.0,167.0,5.0
19,2012,52.54,11.343144939670585,0,0,0,10.0,4367.0,308.0,7.0
24,2014,45.0,10.819798284210286,0,0,0,15.0,2143.0,203.0,5.0
3,2018,58.54,9.205629292246064,1,0,0,10.0,2979.0,306.0,2.0
10,2018,33.0,9.61587214452889,0,0,0,10.0,3198.0,197.0,7.0
24,2017,46.95,10.085850775128717,0,0,0,17.0,2143.0,170.0,5.0
24,2014,30.0,11.097425172408931,0,0,0,15.0,2143.0,203.0,5.0
19,2017,35.0,9.99884318585288,0,0,0,12.0,2179.0,147.0,5.0
3,2011,28.0,10.915106645867503,0,0,2,11.0,2993.0,245.0,5.0
2,2015,36.0,10.819798284210286,0,0,0,17.0,1968.0,174.0,5.0
2,2015,51.69,10.93736574538763,0,0,0,11.0,4134.0,335.0,7.0
2,2014,24.37,10.256606180272083,0,0,0,18.0,1968.0,187.0,5.0
24,2012,29.95,10.859018228147887,0,0,0,15.0,2143.0,203.0,5.0
24,2017,33.64,10.184673571244208,0,0,0,19.0,2143.0,170.0,5.0
3,2016,48.0,10.203629181337648,0,0,0,18.0,2993.0,265.0,5.0
3,2016,41.75,10.71809987037725,0,0,0,16.0,1995.0,184.0,5.0
3,2017,32.57,10.511185771263591,0,0,0,18.0,1995.0,190.0,5.0
2,2017,68.0,10.993748398115178,0,0,0,14.0,2967.0,245.0,7.0
19,2013,26.0,10.736418414365376,0,0,2,19.108188313345238,2179.0,115.0,5.0
2,2014,26.0,10.275085591132715,0,0,0,17.0,1968.0,174.0,5.0
19,2019,56.14,10.086392272590663,0,0,0,12.0,1999.0,148.0,7.0
2,2015,25.81,10.710231239678613,0,0,0,17.0,1968.0,174.0,5.0
19,2019,58.91,9.752780935111424,0,0,0,12.0,2179.0,187.0,7.0
24,2013,21.95,10.826157891374322,1,0,0,12.0,1991.0,181.0,5.0
24,2007,29.0,10.683454425048634,1,0,0,11.0,1796.0,186.0,5.0
3,2011,31.0,10.34177474101152,1,0,0,10.0,2497.0,215.0,5.0
15,2011,50.66,10.684805853989356,1,0,0,10.0,5000.0,503.0,4.0
24,2017,40.47,10.173247478478917,0,0,0,17.0,2143.0,168.0,5.0
2,2014,25.0,10.714417768752456,0,0,0,12.0,1968.0,167.0,5.0
24,2016,49.0,10.819798284210286,0,0,0,17.0,2143.0,201.0,5.0
24,2016,60.75,10.259131965660336,0,0,0,11.0,2987.0,254.0,5.0
24,2014,24.95,10.645448706505872,0,0,0,14.0,2143.0,203.0,5.0
2,2014,31.41,11.680294115536968,0,0,0,12.0,2967.0,241.0,7.0
2,2013,22.0,11.002116507732017,0,0,0,15.0,1968.0,174.0,5.0
24,2019,30.3,9.92739937258244,0,0,0,17.0,2143.0,136.0,5.0
24,2017,27.0,10.571342565808699,0,0,0,17.0,2143.0,136.0,5.0
10,2019,32.9,9.105090961257085,0,0,0,12.0,2198.0,158.0,7.0
3,2013,29.0,10.799595985047786,0,0,0,8.0,2993.0,245.0,4.0
2,2013,29.0,11.184435286790631,0,0,0,14.0,1968.0,174.0,5.0
2,2014,37.9,10.714439990727769,0,0,2,12.0,2967.0,241.0,7.0
3,2012,25.72,10.608365655971772,0,0,2,16.0,2993.0,235.0,5.0
24,2015,25.51,9.510519035757246,0,0,0,17.0,2143.0,136.0,5.0
10,2018,33.5,9.392745258631441,0,0,0,10.0,3198.0,197.0,7.0
3,2011,30.0,10.12667110305036,1,0,0,10.0,2979.0,306.0,2.0
25,2012,22.0,9.798182590890704,1,0,0,13.0,1598.0,181.0,4.0
2,2016,49.79,10.344191096070311,0,0,2,12.0,2967.0,241.0,7.0
3,2017,35.0,9.952325334619427,0,0,0,21.0,1995.0,190.0,5.0
24,2011,21.99,10.896757843893464,0,0,0,14.0,2987.0,224.0,5.0
2,2015,25.49,10.859018228147887,0,0,0,14.0,1968.0,174.0,5.0
2,2015,35.5,9.90353755128617,0,0,0,18.0,1968.0,187.0,5.0
10,2017,31.0,9.741027444837728,0,0,0,10.0,3198.0,197.0,7.0
3,2015,29.5,10.757924157061597,0,0,0,22.0,1995.0,190.0,5.0
30,2016,67.83,11.082204085445898,0,0,0,13.0,4134.0,382.0,5.0
2,2013,23.0,11.062206681936356,0,0,0,15.0,1968.0,174.0,5.0
2,2014,25.75,10.277255573901037,0,0,0,17.0,1968.0,174.0,5.0
3,2014,30.5,10.373522431293592,0,0,0,18.0,1995.0,190.0,5.0
24,2012,23.0,11.097425172408931,0,0,0,19.108188313345238,2987.0,165.0,5.0
19,2015,36.0,10.518700218288165,0,0,0,12.0,2179.0,187.0,5.0
25,2013,25.0,10.859018228147887,1,0,0,13.0,1598.0,181.0,4.0
2,2014,32.0,10.968215530759236,0,0,0,12.0,2967.0,241.0,7.0
19,2014,32.5,10.571316925111784,0,0,0,12.0,2179.0,187.0,5.0
24,2014,23.68,10.730094248137464,1,0,0,11.0,3498.0,272.0,7.0
19,2013,65.81,11.238435986304431,0,0,2,11.0,4367.0,335.0,5.0
3,2016,29.99,9.852246888342531,0,0,2,21.0,1995.0,190.0,5.0
12,2016,23.0,10.491301994830229,0,0,0,11.0,2199.0,194.0,7.0
10,2017,30.35,10.908722791698938,0,0,0,10.0,3198.0,197.0,7.0
24,2016,24.46,10.174010749897112,0,0,0,17.0,2143.0,136.0,5.0
24,2014,31.75,10.239995502805316,0,0,0,13.0,2987.0,258.0,5.0
2,2015,32.0,10.53212287826962,0,0,0,17.0,1968.0,174.0,5.0
24,2010,21.0,10.518700218288165,0,0,0,13.0,2987.0,282.0,5.0
19,2018,44.76,10.874796632163696,0,0,0,12.0,2179.0,187.0,5.0
30,2015,48.22,10.776411387705071,0,0,0,15.0,2967.0,240.0,5.0
3,2018,61.25,7.244941546337007,0,0,0,18.0,1995.0,190.0,5.0
25,2016,28.95,9.957549510634658,1,0,0,17.0,1998.0,189.0,4.0
4,2006,59.0,10.778977123006351,1,0,0,8.0,5998.0,552.0,4.0
24,2016,35.0,10.543893021838013,0,0,0,14.0,2143.0,167.0,5.0
3,2015,85.0,11.482507493748695,0,0,0,15.0,2993.0,308.0,5.0
19,2016,35.0,11.156264806643742,0,0,0,12.0,2179.0,187.0,5.0
19,2014,64.75,10.757924157061597,0,0,2,12.0,2993.0,255.0,5.0
3,2014,27.0,11.385103457032141,0,0,0,14.0,2993.0,258.0,5.0
24,2017,34.0,9.711176264112805,0,0,0,17.0,2143.0,136.0,5.0
3,2016,30.37,11.233714081386335,0,0,0,22.0,1995.0,190.0,5.0
2,2014,24.5,10.308985993422082,0,0,0,14.0,2967.0,241.0,5.0
3,2016,21.33,11.041400679352554,0,0,0,22.0,1995.0,190.0,5.0
3,2017,35.84,10.440945370102789,0,0,0,21.0,1995.0,190.0,5.0
34,2019,30.85,10.242456669355928,0,0,0,12.0,2755.0,174.0,7.0
2,2013,25.64,9.430920640887228,0,0,0,12.0,1968.0,167.0,5.0
3,2013,24.75,10.614351853901232,0,0,2,18.0,1995.0,190.0,5.0
24,2013,27.0,11.002116507732017,0,0,0,10.0,2148.0,170.0,5.0
3,2017,28.75,10.043292972227004,0,0,0,20.0,1995.0,190.0,5.0
30,2013,72.0,10.502351525774941,0,0,0,7.0,4806.0,394.0,4.0
3,2017,42.75,9.710266814873172,0,0,0,22.0,1995.0,187.0,5.0
24,2019,36.76,9.67890546702757,0,0,0,17.0,2143.0,136.0,5.0
24,2013,25.0,11.289794413577894,1,0,0,13.0,2987.0,210.0,5.0
2,2014,22.5,10.534785924769006,0,0,2,16.0,1968.0,147.0,5.0
3,2013,45.0,10.545367754151743,0,0,0,16.0,2993.0,258.0,5.0
3,2018,29.3,10.333124812615278,0,0,0,20.0,1995.0,190.0,5.0
3,2017,55.0,9.952325334619427,0,0,2,15.0,2993.0,258.0,5.0
2,2013,21.0,11.350418300109132,0,0,0,17.0,1968.0,174.0,5.0
24,2018,37.98,10.632677324443003,0,0,0,15.0,2143.0,204.0,5.0
3,2015,22.0,10.308985993422082,0,0,0,18.0,1995.0,184.0,5.0
2,2015,42.83,10.9270709322979,0,0,0,12.0,2967.0,241.0,7.0
36,2014,21.5,10.839600519357369,0,0,0,27.0,1969.0,190.0,5.0
3,2013,45.0,10.308985993422082,0,0,0,17.0,2993.0,313.0,4.0
2,2014,22.0,10.596659732783579,0,0,0,17.0,1968.0,174.0,5.0
18,2011,120.0,8.77971129020447,1,0,3,6.0,5204.0,560.0,2.0
15,2012,29.0,10.463131911491967,0,0,0,14.0,2993.0,270.0,5.0
24,2016,38.76,10.623349689613647,0,0,0,13.0,2143.0,204.0,5.0
24,2013,38.0,11.51293546492023,0,0,2,11.0,2987.0,254.0,7.0
3,2013,21.0,10.463131911491967,0,0,0,16.0,2993.0,218.0,5.0
2,2017,35.92,10.932678306425732,0,0,2,17.0,1968.0,174.0,5.0
24,2015,48.5,10.791399385808587,0,0,0,12.0,2987.0,224.0,7.0
32,2017,25.75,10.463131911491967,0,0,0,18.0,1968.0,174.0,5.0
3,2014,29.52,10.84429527182336,0,0,0,8.0,2993.0,245.0,4.0
24,2014,24.0,10.596659732783579,1,0,0,10.0,1796.0,157.0,5.0
24,2019,35.0,8.294299608857235,0,0,0,19.108188313345238,1950.0,194.0,5.0
24,2017,43.3,10.835553203525645,0,0,0,17.0,2143.0,170.0,5.0
34,2015,21.5,11.407576060361786,0,0,0,12.0,2982.0,168.0,7.0
15,2015,100.0,8.987321812850125,1,0,0,12.0,5000.0,488.0,2.0
24,2016,36.0,9.952325334619427,0,0,0,13.0,2143.0,204.0,5.0
32,2017,22.99,10.645448706505872,0,0,0,18.0,1968.0,174.0,5.0
2,2018,45.52,10.27821850127443,0,0,0,13.0,2967.0,241.0,5.0
3,2016,48.0,9.680406499268875,0,0,0,14.0,2993.0,258.0,5.0
2,2014,21.75,11.091803424286017,0,0,0,15.0,1968.0,174.0,5.0
24,2018,26.76,9.78549199429842,1,0,0,13.0,1991.0,183.0,5.0
15,2016,30.54,10.346601626429049,0,0,0,16.0,2179.0,187.0,5.0
30,2013,45.0,10.596659732783579,0,0,2,17.0,2967.0,300.0,4.0
